{"inputUnits":[42],"outputUnits":5,"inputs":{"0":{"dtype":"number","min":75.8877926447356,"max":238.89412722588654},"1":{"dtype":"number","min":220.34304830839756,"max":446.51231673973876},"2":{"dtype":"number","min":84.6375521189343,"max":250.4449952088059},"3":{"dtype":"number","min":171.77841838698248,"max":405.06208404292227},"4":{"dtype":"number","min":97.5332852886727,"max":272.03327647969604},"5":{"dtype":"number","min":128.01811191432597,"max":364.7504661030307},"6":{"dtype":"number","min":69.83927851247931,"max":278.026416792104},"7":{"dtype":"number","min":84.90413397303281,"max":348.08454190506166},"8":{"dtype":"number","min":27.92790974318686,"max":308.85640356236274},"9":{"dtype":"number","min":42.24068122874759,"max":337.53356666104435},"10":{"dtype":"number","min":117.8005625710718,"max":309.20444693384087},"11":{"dtype":"number","min":118.76371405146702,"max":343.44340153880853},"12":{"dtype":"number","min":120.73575218630357,"max":342.8249193367248},"13":{"dtype":"number","min":77.43653611020926,"max":336.7760548034766},"14":{"dtype":"number","min":118.64715174380103,"max":339.5863650055069},"15":{"dtype":"number","min":51.488476422465126,"max":343.13212460470584},"16":{"dtype":"number","min":115.2928449440109,"max":334.95107085810736},"17":{"dtype":"number","min":29.63031409954364,"max":347.05940660487335},"18":{"dtype":"number","min":99.62858846948858,"max":318.6785977097828},"19":{"dtype":"number","min":119.02715769493416,"max":377.7897856082386},"20":{"dtype":"number","min":86.75120425213977,"max":341.3209312182107},"21":{"dtype":"number","min":90.33319614620788,"max":368.3715153378362},"22":{"dtype":"number","min":84.80041409541104,"max":327.77754088755336},"23":{"dtype":"number","min":60.70912578657202,"max":376.25883483174084},"24":{"dtype":"number","min":83.57705200667678,"max":314.4922040634682},"25":{"dtype":"number","min":26.714823031944448,"max":377.1613704964402},"26":{"dtype":"number","min":78.36889312339491,"max":321.1561862628797},"27":{"dtype":"number","min":126.6834658949357,"max":411.645911514487},"28":{"dtype":"number","min":55.54396870961849,"max":334.2252846170476},"29":{"dtype":"number","min":103.20479087195756,"max":401.79991316920183},"30":{"dtype":"number","min":51.01451227123836,"max":321.6533802424656},"31":{"dtype":"number","min":72.12894508807648,"max":406.6732803480006},"32":{"dtype":"number","min":43.031925022530245,"max":310.6205526305753},"33":{"dtype":"number","min":43.08465503067525,"max":406.9563898694289},"34":{"dtype":"number","min":57.68028150671833,"max":319.9261355614407},"35":{"dtype":"number","min":139.18191183310617,"max":442.3137104010545},"36":{"dtype":"number","min":43.767924278329225,"max":327.86398924563184},"37":{"dtype":"number","min":123.05251931613888,"max":430.7912478901378},"38":{"dtype":"number","min":46.35401283206581,"max":314.6276737759995},"39":{"dtype":"number","min":103.98844730993929,"max":431.6784483010798},"40":{"dtype":"number","min":52.047373486963906,"max":304.11923455635747},"41":{"dtype":"number","min":80.5958525240076,"max":433.463923031688}},"outputs":{"0":{"dtype":"string","min":0,"max":1,"uniqueValues":["1","2","3","4","5"],"legend":{"1":[1,0,0,0,0],"2":[0,1,0,0,0],"3":[0,0,1,0,0],"4":[0,0,0,1,0],"5":[0,0,0,0,1]}}},"isNormalized":true}